-- phpMyAdmin SQL Dump
-- version 4.8.5
-- https://www.phpmyadmin.net/
--
-- Host: localhost
-- Generation Time: Sep 24, 2025 at 06:19 AM
-- Server version: 5.7.25
-- PHP Version: 7.1.26

SET SQL_MODE = "NO_AUTO_VALUE_ON_ZERO";
SET AUTOCOMMIT = 0;
START TRANSACTION;
SET time_zone = "+00:00";


/*!40101 SET @OLD_CHARACTER_SET_CLIENT=@@CHARACTER_SET_CLIENT */;
/*!40101 SET @OLD_CHARACTER_SET_RESULTS=@@CHARACTER_SET_RESULTS */;
/*!40101 SET @OLD_COLLATION_CONNECTION=@@COLLATION_CONNECTION */;
/*!40101 SET NAMES utf8mb4 */;

--
-- Database: `tincongnghe_db`
--

-- --------------------------------------------------------

--
-- Table structure for table `baiviet`
--

CREATE TABLE `baiviet` (
  `id` int(11) NOT NULL,
  `tieu_de` varchar(255) COLLATE utf8mb4_unicode_ci NOT NULL,
  `mo_ta_ngan` text COLLATE utf8mb4_unicode_ci,
  `hinh_anh` varchar(255) COLLATE utf8mb4_unicode_ci DEFAULT NULL,
  `id_linhvuc` int(11) DEFAULT NULL,
  `ngay_dang` datetime DEFAULT CURRENT_TIMESTAMP
) ENGINE=InnoDB DEFAULT CHARSET=utf8mb4 COLLATE=utf8mb4_unicode_ci;

--
-- Dumping data for table `baiviet`
--

INSERT INTO `baiviet` (`id`, `tieu_de`, `mo_ta_ngan`, `hinh_anh`, `id_linhvuc`, `ngay_dang`) VALUES
(1, 'iPhone 17 Pro Max ra mắt', 'Apple chính thức trình làng iPhone mới với nhiều cải tiến.', 'images/ip17.png', 2, '2025-09-24 12:36:50'),
(2, 'Laptop gaming Alienware 2025', 'Alienware 2025 sở hữu CPU Intel thế hệ mới và GPU RTX 5090.', 'images/alienware2025.png', 3, '2025-09-24 12:36:50'),
(3, 'Meta ra mắt kính thực tế ảo mới', 'Kính VR của Meta mang trải nghiệm sống động hơn với cảm biến 3D tiên tiến.', 'images/meta-vr.png', 1, '2025-09-24 12:36:50'),
(4, '10 ứng dụng AI miễn phí giúp học tập', 'Danh sách các ứng dụng AI hữu ích cho sinh viên và lập trình viên.', 'images/ai-apps.png', 4, '2025-09-24 12:36:50'),
(5, 'Top game hot tháng 9', 'Tổng hợp các tựa game được chơi nhiều nhất trong tháng 9.', 'images/game-sep.png', 5, '2025-09-24 12:36:50');

-- --------------------------------------------------------

--
-- Table structure for table `baiviet_hot`
--

CREATE TABLE `baiviet_hot` (
  `id` int(11) NOT NULL,
  `id_baiviet` int(11) DEFAULT NULL,
  `vi_tri` int(11) DEFAULT '1'
) ENGINE=InnoDB DEFAULT CHARSET=utf8mb4 COLLATE=utf8mb4_unicode_ci;

-- --------------------------------------------------------

--
-- Table structure for table `linhvuc`
--

CREATE TABLE `linhvuc` (
  `id` int(11) NOT NULL,
  `ten_linhvuc` varchar(255) COLLATE utf8mb4_unicode_ci NOT NULL,
  `mo_ta` text COLLATE utf8mb4_unicode_ci,
  `ngay_tao` datetime DEFAULT CURRENT_TIMESTAMP
) ENGINE=InnoDB DEFAULT CHARSET=utf8mb4 COLLATE=utf8mb4_unicode_ci;

--
-- Dumping data for table `linhvuc`
--

INSERT INTO `linhvuc` (`id`, `ten_linhvuc`, `mo_ta`, `ngay_tao`) VALUES
(1, 'Công nghệ', 'Tin tức và xu hướng công nghệ', '2025-09-24 12:36:50'),
(2, 'Điện thoại', 'Các sản phẩm smartphone mới nhất', '2025-09-24 12:36:50'),
(3, 'Máy tính', 'Laptop, PC, phần cứng và phần mềm', '2025-09-24 12:36:50'),
(4, 'Ứng dụng', 'App di động và phần mềm hữu ích', '2025-09-24 12:36:50'),
(5, 'Game', 'Tin tức game, e-sport, đánh giá game', '2025-09-24 12:36:50');

-- --------------------------------------------------------

--
-- Table structure for table `noidung`
--

CREATE TABLE `noidung` (
  `id` int(11) NOT NULL,
  `id_baiviet` int(11) DEFAULT NULL,
  `hinh_anh` varchar(255) COLLATE utf8mb4_unicode_ci DEFAULT NULL,
  `noi_dung` text COLLATE utf8mb4_unicode_ci
) ENGINE=InnoDB DEFAULT CHARSET=utf8mb4 COLLATE=utf8mb4_unicode_ci;

--
-- Dumping data for table `noidung`
--

INSERT INTO `noidung` (`id`, `id_baiviet`, `hinh_anh`, `noi_dung`) VALUES
(1, 1, NULL, 'Chi tiết iPhone 17 Pro Max: Chip A19, camera nâng cấp, hỗ trợ sạc nhanh.'),
(2, 2, NULL, 'Alienware 2025: CPU Intel Gen mới, GPU RTX 5090, màn hình 240Hz.'),
(3, 3, NULL, 'Meta VR 2025: Kính thực tế ảo với cảm biến 3D, hỗ trợ nhiều ứng dụng.'),
(4, 4, NULL, 'Top 10 ứng dụng AI miễn phí giúp học tập, lập trình và nghiên cứu hiệu quả.'),
(5, 5, NULL, 'Danh sách game hot tháng 9 cùng đánh giá chi tiết.');

--
-- Indexes for dumped tables
--

--
-- Indexes for table `baiviet`
--
ALTER TABLE `baiviet`
  ADD PRIMARY KEY (`id`),
  ADD KEY `id_linhvuc` (`id_linhvuc`);

--
-- Indexes for table `baiviet_hot`
--
ALTER TABLE `baiviet_hot`
  ADD PRIMARY KEY (`id`),
  ADD KEY `id_baiviet` (`id_baiviet`);

--
-- Indexes for table `linhvuc`
--
ALTER TABLE `linhvuc`
  ADD PRIMARY KEY (`id`);

--
-- Indexes for table `noidung`
--
ALTER TABLE `noidung`
  ADD PRIMARY KEY (`id`),
  ADD KEY `id_baiviet` (`id_baiviet`);

--
-- AUTO_INCREMENT for dumped tables
--

--
-- AUTO_INCREMENT for table `baiviet`
--
ALTER TABLE `baiviet`
  MODIFY `id` int(11) NOT NULL AUTO_INCREMENT, AUTO_INCREMENT=6;

--
-- AUTO_INCREMENT for table `baiviet_hot`
--
ALTER TABLE `baiviet_hot`
  MODIFY `id` int(11) NOT NULL AUTO_INCREMENT;

--
-- AUTO_INCREMENT for table `linhvuc`
--
ALTER TABLE `linhvuc`
  MODIFY `id` int(11) NOT NULL AUTO_INCREMENT, AUTO_INCREMENT=6;

--
-- AUTO_INCREMENT for table `noidung`
--
ALTER TABLE `noidung`
  MODIFY `id` int(11) NOT NULL AUTO_INCREMENT, AUTO_INCREMENT=6;

--
-- Constraints for dumped tables
--

--
-- Constraints for table `baiviet`
--
ALTER TABLE `baiviet`
  ADD CONSTRAINT `baiviet_ibfk_1` FOREIGN KEY (`id_linhvuc`) REFERENCES `linhvuc` (`id`) ON DELETE SET NULL;

--
-- Constraints for table `baiviet_hot`
--
ALTER TABLE `baiviet_hot`
  ADD CONSTRAINT `baiviet_hot_ibfk_1` FOREIGN KEY (`id_baiviet`) REFERENCES `baiviet` (`id`) ON DELETE CASCADE;

--
-- Constraints for table `noidung`
--
ALTER TABLE `noidung`
  ADD CONSTRAINT `noidung_ibfk_1` FOREIGN KEY (`id_baiviet`) REFERENCES `baiviet` (`id`) ON DELETE CASCADE;
COMMIT;

/*!40101 SET CHARACTER_SET_CLIENT=@OLD_CHARACTER_SET_CLIENT */;
/*!40101 SET CHARACTER_SET_RESULTS=@OLD_CHARACTER_SET_RESULTS */;
/*!40101 SET COLLATION_CONNECTION=@OLD_COLLATION_CONNECTION */;
